{
    "miner_host": "127.0.0.1",
    "miner_port": 3333,
    "pools": ["mine.c3pool.com:19999"],
    "algos": {
        "cn/r": "./teamredminer -a cnr  -o stratum+tcp://localhost:3333 -u x -p x",
        "cn/half": "./teamredminer -a cnv8_half -o stratum+tcp://localhost:3333 -u x -p x",
        "cn/double": "./teamredminer -a cnv8_dbl  -o stratum+tcp://localhost:3333 -u x -p x",
        "cn/rwz": "./teamredminer -a cnv8_rwz  -o stratum+tcp://localhost:3333 -u x -p x",
        "cn-pico": "./teamredminer -a cnv8_trtl  -o stratum+tcp://localhost:3333 -u x -p x"
    },
    "algo_min_time": 0,
    "user": "YOUR_WALLET_ADDRESS",
    "pass": "x",
    "log_file": null,
    "watchdog": 600,
    "hashrate_watchdog": 0
}
