{
 "miner_host": "127.0.0.1",
 "miner_port": 3333,
 "pools": [
  "mine.c3pool.com:13333"
 ],
 "algos": {
  "cn/r": "xmrig -o localhost:3333",
  "cn/1": "xmrig -o localhost:3333",
  "cn/2": "xmrig -o localhost:3333",
  "cn/0": "xmrig -o localhost:3333",
  "cn/xtl": "xmrig -o localhost:3333",
  "cn/msr": "xmrig -o localhost:3333",
  "cn/xao": "xmrig -o localhost:3333",
  "cn/rto": "xmrig -o localhost:3333",
  "cn/half": "xmrig -o localhost:3333",
  "cn/gpu": "xmrig -o localhost:3333",
  "cn/wow": "xmrig -o localhost:3333",
  "cn-lite/1": "xmrig -o localhost:3333 -a cryptonight-lite",
  "cn-lite/0": "xmrig -o localhost:3333 -a cryptonight-lite",
  "cn-heavy/0": "xmrig -o localhost:3333",
  "cn-heavy/xhv": "xmrig -o localhost:3333 -a cryptonight-heavy",
  "cn-heavy/tube": "xmrig -o localhost:3333 -a cryptonight-heavy",
  "cn-pico/trtl": "xmrig -o localhost:3333 -a cryptonight-pico"
 },
 "algo_perf": {
  "cn/r": 34,
  "cn": 42.7807502746582,
  "cn/2": 53.97924041748047,
  "cn/half": 91.58094024658203,
  "cn/gpu": 8.305951118469238,
  "cn/wow": 47.39619827270508,
  "cn-lite": 323.6349182128906,
  "cn-heavy": 28.40740394592285,
  "cn-pico": 1881.3897705078125
 },
 "algo_min_time": 0,
 "user": "4AiLMHdnbuvcNzSw2qZYFSg9ZMreGam1bg1faDPW6zkVgqFKBV5WfapSop1iGnNJs5iHvpBNwyg9b1J6QaoVgu8WJsqbwp1",
 "pass": "c3miner",
 "log_file": null,
 "watchdog": 600,
 "hashrate_watchdog": 0
}
